Title,Company,Location,Apply
b'Software Engineer',b'Instacart',"b'Toronto, Ontario, Canada'",b'https://ca.linkedin.com/jobs/view/software-engineer-at-instacart-3778290848?refId=C%2Bfz0b9Muv499UNFLoSJGQ%3D%3D&trackingId=6PwW4OH0KM7FzIsaRRljaw%3D%3D&position=1&pageNum=0&trk=public_jobs_jserp-result_search-card'
b'Software Engineer (Remote)',b'Canny',b'Canada',b'https://ca.linkedin.com/jobs/view/software-engineer-remote-at-canny-3778664012?refId=C%2Bfz0b9Muv499UNFLoSJGQ%3D%3D&trackingId=3itpevDPUfc3dnc0A0jLFg%3D%3D&position=2&pageNum=0&trk=public_jobs_jserp-result_search-card'
b'Junior Java Developer',"b'Triunity Software, Inc.'","b'Toronto, Ontario, Canada'",b'https://ca.linkedin.com/jobs/view/junior-java-developer-at-triunity-software-inc-3784370400?refId=C%2Bfz0b9Muv499UNFLoSJGQ%3D%3D&trackingId=5R3AiH1ZtEB0xi%2FFUKjQWQ%3D%3D&position=3&pageNum=0&trk=public_jobs_jserp-result_search-card'
b'Junior Frontend Developer (Remote Internship - IT)',b'TalentKompass Deutschland',"b'Toronto, Ontario, Canada'",b'https://ca.linkedin.com/jobs/view/junior-frontend-developer-remote-internship-it-at-talentkompass-deutschland-3786037016?refId=C%2Bfz0b9Muv499UNFLoSJGQ%3D%3D&trackingId=DD9lrAeffKjGsSKT883gCw%3D%3D&position=4&pageNum=0&trk=public_jobs_jserp-result_search-card'
b'Junior Full Stack Developer React/Python',b'VPNforAndroid',"b'Toronto, Ontario, Canada'",b'https://ca.linkedin.com/jobs/view/junior-full-stack-developer-react-python-at-vpnforandroid-3789651193?refId=C%2Bfz0b9Muv499UNFLoSJGQ%3D%3D&trackingId=ujH7jJa%2FycvZZtphSf7nWg%3D%3D&position=5&pageNum=0&trk=public_jobs_jserp-result_search-card'
b'Frontend Developer',b'Phoenix (YC W21)',"b'Toronto, Ontario, Canada'",b'https://ca.linkedin.com/jobs/view/frontend-developer-at-phoenix-yc-w21-3656289895?refId=C%2Bfz0b9Muv499UNFLoSJGQ%3D%3D&trackingId=1fXJf7zhdAlOqM0fXnIPdA%3D%3D&position=6&pageNum=0&trk=public_jobs_jserp-result_search-card'
b'Junior Java Developer',"b'Triunity Software, Inc.'","b'Calgary, Alberta, Canada'",b'https://ca.linkedin.com/jobs/view/junior-java-developer-at-triunity-software-inc-3784367662?refId=C%2Bfz0b9Muv499UNFLoSJGQ%3D%3D&trackingId=ccHDHSR%2F7QOmKsrJNM4qgw%3D%3D&position=7&pageNum=0&trk=public_jobs_jserp-result_search-card'
b'Front End Engineer - Web Team',b'Leonardo.Ai',b'Canada',b'https://ca.linkedin.com/jobs/view/front-end-engineer-web-team-at-leonardo-ai-3772386060?refId=C%2Bfz0b9Muv499UNFLoSJGQ%3D%3D&trackingId=evhqqgRu5DAEi235OjF0Gg%3D%3D&position=8&pageNum=0&trk=public_jobs_jserp-result_search-card'
b'Front End Engineer - Web Team',b'Leonardo.Ai',"b'Vancouver, British Columbia, Canada'",b'https://ca.linkedin.com/jobs/view/front-end-engineer-web-team-at-leonardo-ai-3772384614?refId=C%2Bfz0b9Muv499UNFLoSJGQ%3D%3D&trackingId=bci%2F5ZIe%2BE1UGnTvifq0cg%3D%3D&position=9&pageNum=0&trk=public_jobs_jserp-result_search-card'
b'Full Stack Engineer',b'Gadget',"b'Ottawa, Ontario, Canada'",b'https://ca.linkedin.com/jobs/view/full-stack-engineer-at-gadget-3696156761?refId=C%2Bfz0b9Muv499UNFLoSJGQ%3D%3D&trackingId=BloTsEU24lY6d7Ot%2Bu3Cqw%3D%3D&position=10&pageNum=0&trk=public_jobs_jserp-result_search-card'
b'Reactjs Developer- Canada',b'Zortech Solutions',"b'Toronto, Ontario, Canada'",b'https://ca.linkedin.com/jobs/view/reactjs-developer-canada-at-zortech-solutions-3758444383?refId=C%2Bfz0b9Muv499UNFLoSJGQ%3D%3D&trackingId=BBZAQhwRKd64F58PsHf4yA%3D%3D&position=11&pageNum=0&trk=public_jobs_jserp-result_search-card'
b'Junior Full Stack Java Developer (remote)',b'Software International',"b'Greater Toronto Area, Canada'",b'https://ca.linkedin.com/jobs/view/junior-full-stack-java-developer-remote-at-software-international-3777346579?refId=C%2Bfz0b9Muv499UNFLoSJGQ%3D%3D&trackingId=CNY2xcVYf%2FvVll2qF8cXIw%3D%3D&position=12&pageNum=0&trk=public_jobs_jserp-result_search-card'
"b'Full stack Developer (React JS, Redux)-Canada'",b'Zortech Solutions',"b'Toronto, Ontario, Canada'",b'https://ca.linkedin.com/jobs/view/full-stack-developer-react-js-redux-canada-at-zortech-solutions-3710714450?refId=C%2Bfz0b9Muv499UNFLoSJGQ%3D%3D&trackingId=ayZtSh%2FM1wCnpLjprzMIRA%3D%3D&position=13&pageNum=0&trk=public_jobs_jserp-result_search-card'
b'Full Stack Engineer (Remote)',b'Super.com',"b'Toronto, Ontario, Canada'",b'https://ca.linkedin.com/jobs/view/full-stack-engineer-remote-at-super-com-3738854838?refId=C%2Bfz0b9Muv499UNFLoSJGQ%3D%3D&trackingId=bUOOAsqE9X8D8AKCiF9cTA%3D%3D&position=14&pageNum=0&trk=public_jobs_jserp-result_search-card'
b'Junior Web Developer',b'VPNforAndroid',"b'Toronto, Ontario, Canada'",b'https://ca.linkedin.com/jobs/view/%E2%80%8Bjunior-web-developer-at-vpnforandroid-3789648685?refId=C%2Bfz0b9Muv499UNFLoSJGQ%3D%3D&trackingId=yxslu%2Bc9OO788VSnmSpwgA%3D%3D&position=15&pageNum=0&trk=public_jobs_jserp-result_search-card'
b'Full Stack Developer',b'Medisca',"b'Montreal, Quebec, Canada'",b'https://ca.linkedin.com/jobs/view/full-stack-developer-at-medisca-3782659108?refId=C%2Bfz0b9Muv499UNFLoSJGQ%3D%3D&trackingId=kUjFsaI93NCNPtei31dvHQ%3D%3D&position=16&pageNum=0&trk=public_jobs_jserp-result_search-card'
b'Full Stack Developer',b'Snaplii',"b'Mississauga, Ontario, Canada'",b'https://ca.linkedin.com/jobs/view/full-stack-developer-at-snaplii-3653682653?refId=C%2Bfz0b9Muv499UNFLoSJGQ%3D%3D&trackingId=CsSWIaIPpXwphuuRgmcGnQ%3D%3D&position=17&pageNum=0&trk=public_jobs_jserp-result_search-card'
b'Full-stack developer',b'Experfy',"b'Toronto, Ontario, Canada'",b'https://ca.linkedin.com/jobs/view/full-stack-developer-at-experfy-3590300623?refId=C%2Bfz0b9Muv499UNFLoSJGQ%3D%3D&trackingId=8ecnxBo1nSDZkXNcW3nKLA%3D%3D&position=18&pageNum=0&trk=public_jobs_jserp-result_search-card'
b'Software Engineer',b'Lockheed Martin',"b'King, Ontario, Canada'",b'https://ca.linkedin.com/jobs/view/software-engineer-at-lockheed-martin-3774277390?refId=C%2Bfz0b9Muv499UNFLoSJGQ%3D%3D&trackingId=UgiUn1VTYIGPfdV%2BIWpdGA%3D%3D&position=19&pageNum=0&trk=public_jobs_jserp-result_search-card'
b'Frontend Developers- Canada',b'Zortech Solutions',"b'Toronto, Ontario, Canada'",b'https://ca.linkedin.com/jobs/view/frontend-developers-canada-at-zortech-solutions-3784867842?refId=C%2Bfz0b9Muv499UNFLoSJGQ%3D%3D&trackingId=Zub1kPeGaDgqyh95iujFQw%3D%3D&position=20&pageNum=0&trk=public_jobs_jserp-result_search-card'
b'Full stack Developer',b'Zortech Solutions',"b'Toronto, Ontario, Canada'",b'https://ca.linkedin.com/jobs/view/full-stack-developer-at-zortech-solutions-3667476658?refId=C%2Bfz0b9Muv499UNFLoSJGQ%3D%3D&trackingId=C9S2Jr3Ur55AM7ffTA7F1w%3D%3D&position=21&pageNum=0&trk=public_jobs_jserp-result_search-card'
b'Full-Stack Developer',b'PiinPoint',"b'Kitchener, Ontario, Canada'",b'https://ca.linkedin.com/jobs/view/full-stack-developer-at-piinpoint-3704537683?refId=C%2Bfz0b9Muv499UNFLoSJGQ%3D%3D&trackingId=JjD7pRA5dBpmMDefgp%2F5Ew%3D%3D&position=22&pageNum=0&trk=public_jobs_jserp-result_search-card'
b'Fullstack Developer (Node.JS & React)',b'MindPal',"b'Toronto, Ontario, Canada'",b'https://ca.linkedin.com/jobs/view/fullstack-developer-node-js-react-at-mindpal-3706285069?refId=C%2Bfz0b9Muv499UNFLoSJGQ%3D%3D&trackingId=7b%2B2RcrTN1fkvS56le%2BAAQ%3D%3D&position=23&pageNum=0&trk=public_jobs_jserp-result_search-card'
b'Software Engineer',b'Warner Music Group',"b'Toronto, Ontario, Canada'",b'https://ca.linkedin.com/jobs/view/software-engineer-at-warner-music-group-3767231787?refId=C%2Bfz0b9Muv499UNFLoSJGQ%3D%3D&trackingId=XRhRDDF8mBCeZ9B1lBnf5Q%3D%3D&position=24&pageNum=0&trk=public_jobs_jserp-result_search-card'
b'Frontend Developer with React-Canada',b'Zortech Solutions',"b'Canada Creek, Nova Scotia, Canada'",b'https://ca.linkedin.com/jobs/view/frontend-developer-with-react-canada-at-zortech-solutions-3787436299?refId=C%2Bfz0b9Muv499UNFLoSJGQ%3D%3D&trackingId=0G2kBq3ltUVaeFmMT27NJA%3D%3D&position=25&pageNum=0&trk=public_jobs_jserp-result_search-card'
b'Software Engineer',b'Instacart',"b'Toronto, Ontario, Canada'",b'https://ca.linkedin.com/jobs/view/software-engineer-at-instacart-3778290848?refId=jJ%2FnCKw6Nn9nOejXFwyfXg%3D%3D&trackingId=jKZL3TU5WNhMto4J0dmqDg%3D%3D&position=1&pageNum=0&trk=public_jobs_jserp-result_search-card'
b'Software Engineer (Remote)',b'Canny',b'Canada',b'https://ca.linkedin.com/jobs/view/software-engineer-remote-at-canny-3778664012?refId=jJ%2FnCKw6Nn9nOejXFwyfXg%3D%3D&trackingId=ZEmNdgj6X4vFHBNXuRrg1Q%3D%3D&position=2&pageNum=0&trk=public_jobs_jserp-result_search-card'
b'Junior Java Developer',"b'Triunity Software, Inc.'","b'Toronto, Ontario, Canada'",b'https://ca.linkedin.com/jobs/view/junior-java-developer-at-triunity-software-inc-3784370400?refId=jJ%2FnCKw6Nn9nOejXFwyfXg%3D%3D&trackingId=EEznPNbwKjvdaePUVcfFtQ%3D%3D&position=3&pageNum=0&trk=public_jobs_jserp-result_search-card'
b'Junior Frontend Developer (Remote Internship - IT)',b'TalentKompass Deutschland',"b'Toronto, Ontario, Canada'",b'https://ca.linkedin.com/jobs/view/junior-frontend-developer-remote-internship-it-at-talentkompass-deutschland-3786037016?refId=jJ%2FnCKw6Nn9nOejXFwyfXg%3D%3D&trackingId=pnJnkIpyKse2NPCzOeaghQ%3D%3D&position=4&pageNum=0&trk=public_jobs_jserp-result_search-card'
b'Junior Full Stack Developer React/Python',b'VPNforAndroid',"b'Toronto, Ontario, Canada'",b'https://ca.linkedin.com/jobs/view/junior-full-stack-developer-react-python-at-vpnforandroid-3789651193?refId=jJ%2FnCKw6Nn9nOejXFwyfXg%3D%3D&trackingId=KxKDZh1fZbD14kRu8SiwFQ%3D%3D&position=5&pageNum=0&trk=public_jobs_jserp-result_search-card'
b'Frontend Developer',b'Phoenix (YC W21)',"b'Toronto, Ontario, Canada'",b'https://ca.linkedin.com/jobs/view/frontend-developer-at-phoenix-yc-w21-3656289895?refId=jJ%2FnCKw6Nn9nOejXFwyfXg%3D%3D&trackingId=UhgfmoRhHRuUT5rYnurxpQ%3D%3D&position=6&pageNum=0&trk=public_jobs_jserp-result_search-card'
b'Junior Java Developer',"b'Triunity Software, Inc.'","b'Calgary, Alberta, Canada'",b'https://ca.linkedin.com/jobs/view/junior-java-developer-at-triunity-software-inc-3784367662?refId=jJ%2FnCKw6Nn9nOejXFwyfXg%3D%3D&trackingId=scgW7ApSFvNxP1WGDLsxfA%3D%3D&position=7&pageNum=0&trk=public_jobs_jserp-result_search-card'
b'Front End Engineer - Web Team',b'Leonardo.Ai',b'Canada',b'https://ca.linkedin.com/jobs/view/front-end-engineer-web-team-at-leonardo-ai-3772386060?refId=jJ%2FnCKw6Nn9nOejXFwyfXg%3D%3D&trackingId=YABWp2wkKPwQAZWBa%2FfxwA%3D%3D&position=8&pageNum=0&trk=public_jobs_jserp-result_search-card'
b'Front End Engineer - Web Team',b'Leonardo.Ai',"b'Vancouver, British Columbia, Canada'",b'https://ca.linkedin.com/jobs/view/front-end-engineer-web-team-at-leonardo-ai-3772384614?refId=jJ%2FnCKw6Nn9nOejXFwyfXg%3D%3D&trackingId=9MnxNkocKuXrzjpUsw7NnQ%3D%3D&position=9&pageNum=0&trk=public_jobs_jserp-result_search-card'
b'Full Stack Engineer',b'Gadget',"b'Ottawa, Ontario, Canada'",b'https://ca.linkedin.com/jobs/view/full-stack-engineer-at-gadget-3696156761?refId=jJ%2FnCKw6Nn9nOejXFwyfXg%3D%3D&trackingId=KKQQHbyU2ZtYkbhBNhQzTw%3D%3D&position=10&pageNum=0&trk=public_jobs_jserp-result_search-card'
b'Reactjs Developer- Canada',b'Zortech Solutions',"b'Toronto, Ontario, Canada'",b'https://ca.linkedin.com/jobs/view/reactjs-developer-canada-at-zortech-solutions-3758444383?refId=jJ%2FnCKw6Nn9nOejXFwyfXg%3D%3D&trackingId=tXmF1HCiMGUPpXhaiKCcQg%3D%3D&position=11&pageNum=0&trk=public_jobs_jserp-result_search-card'
b'Junior Full Stack Java Developer (remote)',b'Software International',"b'Greater Toronto Area, Canada'",b'https://ca.linkedin.com/jobs/view/junior-full-stack-java-developer-remote-at-software-international-3777346579?refId=jJ%2FnCKw6Nn9nOejXFwyfXg%3D%3D&trackingId=VXDIg5DD0d5YAEuMKtFE2A%3D%3D&position=12&pageNum=0&trk=public_jobs_jserp-result_search-card'
"b'Full stack Developer (React JS, Redux)-Canada'",b'Zortech Solutions',"b'Toronto, Ontario, Canada'",b'https://ca.linkedin.com/jobs/view/full-stack-developer-react-js-redux-canada-at-zortech-solutions-3710714450?refId=jJ%2FnCKw6Nn9nOejXFwyfXg%3D%3D&trackingId=71WfSzsY6%2Bgna%2Bn3rnVi2A%3D%3D&position=13&pageNum=0&trk=public_jobs_jserp-result_search-card'
b'Full Stack Engineer (Remote)',b'Super.com',"b'Toronto, Ontario, Canada'",b'https://ca.linkedin.com/jobs/view/full-stack-engineer-remote-at-super-com-3738854838?refId=jJ%2FnCKw6Nn9nOejXFwyfXg%3D%3D&trackingId=%2FAGVnM9XI8wiJuiAHmisww%3D%3D&position=14&pageNum=0&trk=public_jobs_jserp-result_search-card'
b'Junior Web Developer',b'VPNforAndroid',"b'Toronto, Ontario, Canada'",b'https://ca.linkedin.com/jobs/view/%E2%80%8Bjunior-web-developer-at-vpnforandroid-3789648685?refId=jJ%2FnCKw6Nn9nOejXFwyfXg%3D%3D&trackingId=DiS6KNUwGiSiQDEk8vVIAw%3D%3D&position=15&pageNum=0&trk=public_jobs_jserp-result_search-card'
b'Full Stack Developer',b'Medisca',"b'Montreal, Quebec, Canada'",b'https://ca.linkedin.com/jobs/view/full-stack-developer-at-medisca-3782659108?refId=jJ%2FnCKw6Nn9nOejXFwyfXg%3D%3D&trackingId=o%2BH%2FOUvmmKJErRWdXhp%2BQw%3D%3D&position=16&pageNum=0&trk=public_jobs_jserp-result_search-card'
b'Full Stack Developer',b'Snaplii',"b'Mississauga, Ontario, Canada'",b'https://ca.linkedin.com/jobs/view/full-stack-developer-at-snaplii-3653682653?refId=jJ%2FnCKw6Nn9nOejXFwyfXg%3D%3D&trackingId=KEDfGaFVC%2BqEz5erLPPaVA%3D%3D&position=17&pageNum=0&trk=public_jobs_jserp-result_search-card'
b'Full-stack developer',b'Experfy',"b'Toronto, Ontario, Canada'",b'https://ca.linkedin.com/jobs/view/full-stack-developer-at-experfy-3590300623?refId=jJ%2FnCKw6Nn9nOejXFwyfXg%3D%3D&trackingId=8IPMP89Q2Iw2dhelfrQB7g%3D%3D&position=18&pageNum=0&trk=public_jobs_jserp-result_search-card'
b'Software Engineer',b'Lockheed Martin',"b'King, Ontario, Canada'",b'https://ca.linkedin.com/jobs/view/software-engineer-at-lockheed-martin-3774277390?refId=jJ%2FnCKw6Nn9nOejXFwyfXg%3D%3D&trackingId=kND7ss4Ca0s2OYx5YJDoIA%3D%3D&position=19&pageNum=0&trk=public_jobs_jserp-result_search-card'
b'Frontend Developers- Canada',b'Zortech Solutions',"b'Toronto, Ontario, Canada'",b'https://ca.linkedin.com/jobs/view/frontend-developers-canada-at-zortech-solutions-3784867842?refId=jJ%2FnCKw6Nn9nOejXFwyfXg%3D%3D&trackingId=1sr4MCGZ7LF%2BLevCum0kIA%3D%3D&position=20&pageNum=0&trk=public_jobs_jserp-result_search-card'
b'Full stack Developer',b'Zortech Solutions',"b'Toronto, Ontario, Canada'",b'https://ca.linkedin.com/jobs/view/full-stack-developer-at-zortech-solutions-3667476658?refId=jJ%2FnCKw6Nn9nOejXFwyfXg%3D%3D&trackingId=4aQa5xKoRfO8CX%2FQuHQqYw%3D%3D&position=21&pageNum=0&trk=public_jobs_jserp-result_search-card'
b'Full-Stack Developer',b'PiinPoint',"b'Kitchener, Ontario, Canada'",b'https://ca.linkedin.com/jobs/view/full-stack-developer-at-piinpoint-3704537683?refId=jJ%2FnCKw6Nn9nOejXFwyfXg%3D%3D&trackingId=TCouSfLZk35uufiNO%2B9yfw%3D%3D&position=22&pageNum=0&trk=public_jobs_jserp-result_search-card'
b'Fullstack Developer (Node.JS & React)',b'MindPal',"b'Toronto, Ontario, Canada'",b'https://ca.linkedin.com/jobs/view/fullstack-developer-node-js-react-at-mindpal-3706285069?refId=jJ%2FnCKw6Nn9nOejXFwyfXg%3D%3D&trackingId=mXBMoP%2BTWhdGup7flTycMw%3D%3D&position=23&pageNum=0&trk=public_jobs_jserp-result_search-card'
b'Software Engineer',b'Warner Music Group',"b'Toronto, Ontario, Canada'",b'https://ca.linkedin.com/jobs/view/software-engineer-at-warner-music-group-3767231787?refId=jJ%2FnCKw6Nn9nOejXFwyfXg%3D%3D&trackingId=tVZ6qXkfBS4gLf3KZTM3jQ%3D%3D&position=24&pageNum=0&trk=public_jobs_jserp-result_search-card'
b'Frontend Developer (remote)',b'Software International',"b'London, Ontario, Canada'",b'https://ca.linkedin.com/jobs/view/frontend-developer-remote-at-software-international-3777349222?refId=jJ%2FnCKw6Nn9nOejXFwyfXg%3D%3D&trackingId=OFxzmf%2BSZj6%2FK7W8DQGpag%3D%3D&position=25&pageNum=0&trk=public_jobs_jserp-result_search-card'